web-scraper-order,items-links-href,Address,Price,Year,SqMtr,Rooms,Address-city,Code,Energy,Plot,Floors,Surface
1547461657-1774,https://www.funda.nl/koop/delft/huis-40906574-molukkenstraat-13/?navigateSource=resultlist,Molukkenstraat 13 2612 EC Delft,439000,1937,125,6,2612 EC Delft,2612,F,118,3,118
1547461606-1752,https://www.funda.nl/koop/delft/huis-40815430-willem-dreeslaan-26/?navigateSource=resultlist,Willem Dreeslaan 26 2623 JT Delft,295000,1988,120,5,2623 JT Delft,2623,C,125,3,125
1547461475-1695,https://www.funda.nl/koop/delft/huis-40870833-oliemolen-11/?navigateSource=resultlist,Oliemolen 11 2614 LH Delft,275000,2005,80,3,2614 LH Delft,2614,A,59,1,59
1547461670-1779,https://www.funda.nl/koop/delft/huis-40924705-burgemeestersrand-55/?navigateSource=resultlist,Burgemeestersrand 55 2625 NV Delft,550000,1998,164,5,2625 NV Delft,2625,B,228,3,228
1547461591-1746,https://www.funda.nl/koop/delft/huis-40075644-eliza-dorusstraat-9/?navigateSource=resultlist,Eliza Dorusstraat 9 2613 ED Delft,250000,1891,64,3,2613 ED Delft,2613,F,58,1,58
1547461696-1791,https://www.funda.nl/koop/delft/huis-40829268-hugo-de-grootstraat-250/?navigateSource=resultlist,Hugo de Grootstraat 250 2613 VB Delft,575000,1923,167,5,2613 VB Delft,2613,E,125,3,125
1547461548-1727,https://www.funda.nl/koop/delft/huis-40927572-bakemastraat-97-bwn-145/?navigateSource=resultlist,Bakemastraat 97 bwn 145 2628 ZS Delft,537500,2019,185,7,2628 ZS Delft,2628,A,62,1,62
1547461455-1687,https://www.funda.nl/koop/delft/huis-86364307-brasserskade-187/?navigateSource=resultlist,Brasserskade 187 2612 CD Delft,224000,1950,73,3,2612 CD Delft,2612,F,92,1,92
1547461470-1693,https://www.funda.nl/koop/delft/huis-40922260-de-kringloop-13/?navigateSource=resultlist,De Kringloop 13 2614 WG Delft,369000,1992,141,4,2614 WG Delft,2614,A,113,1,113
1547461561-1733,https://www.funda.nl/koop/delft/huis-40076843-tuinstraat-30/?navigateSource=resultlist,Tuinstraat 30 2613 RC Delft,250000,1880,56,3,2613 RC Delft,2613,D,83,1,83
1547461672-1780,https://www.funda.nl/koop/delft/huis-40944048-spoorsingel-59/?navigateSource=resultlist,Spoorsingel 59 2613 BA Delft,935000,1890,266,9,2613 BA Delft,2613,E,236,3,236
1547461685-1786,https://www.funda.nl/koop/delft/huis-40075241-sowetostraat-11/?navigateSource=resultlist,Sowetostraat 11 2622 LA Delft,345000,1991,131,6,2622 LA Delft,2622,C,137,3,137
1547461451-1685,https://www.funda.nl/koop/delft/huis-40493043-bouwnummer-bouwnr-14/?navigateSource=resultlist,Bouwnummer (Bouwnr 14) 2613 XP Delft,985000,2018,216,5,2613 XP Delft,2613,A,0,3,0
1547461464-1690,https://www.funda.nl/koop/delft/huis-40627325-bakemastraat-97-bwn-138/?navigateSource=resultlist,Bakemastraat 97 bwn 138 2628 ZS Delft,541250,2019,188,7,2628 ZS Delft,2628,A,62,1,62
1547461622-1759,https://www.funda.nl/koop/delft/huis-40994553-lange-geer-4/?navigateSource=resultlist,Lange Geer 4 2611 PV Delft,825000,1915,202,6,2611 PV Delft,2611,F,102,5,67
1547461728-1805,https://www.funda.nl/koop/delft/huis-40661289-buitenwatersloot-320/?navigateSource=resultlist,Buitenwatersloot 320 2614 GR Delft,1095000,1980,318,9,2614 GR Delft,2614,D,990,3,990
1547461719-1801,https://www.funda.nl/koop/delft/huis-40060614-jordaniestraat-10/?navigateSource=resultlist,Jordaniëstraat 10 2622 HT Delft,249500,1984,88,3,2622 HT Delft,2622,B,116,2,116
1547461653-1772,https://www.funda.nl/koop/delft/huis-40845544-henry-dunantlaan-43/?navigateSource=resultlist,Henry Dunantlaan 43 2614 GK Delft,650000,1970,166,7,2614 GK Delft,2614,C,470,3,470
1547461715-1799,https://www.funda.nl/koop/delft/huis-40067176-cubalaan-62/?navigateSource=resultlist,Cubalaan 62 2622 AL Delft,325000,1980,118,4,2622 AL Delft,2622,C,107,3,107
1547461741-1810,https://www.funda.nl/koop/delft/huis-40919366-buitenwatersloot-244/?navigateSource=resultlist,Buitenwatersloot 244 2613 SZ Delft,695000,1948,179,7,2613 SZ Delft,2613,C,317,2,317
1547461533-1720,https://www.funda.nl/koop/delft/huis-40699768-van-tijenstraat-70/?navigateSource=resultlist,Van Tijenstraat 70 2628 ZM Delft,565000,2019,191,7,2628 ZM Delft,2628,A,0,2,0
1547461642-1767,https://www.funda.nl/koop/delft/huis-40699225-nieuwe-plantage-93/?navigateSource=resultlist,Nieuwe Plantage 93 2611 XM Delft,735000,1906,205,6,2611 XM Delft,2611,F,244,3,244
1547461747-1813,https://www.funda.nl/koop/delft/huis-40848187-molukkenstraat-8/?navigateSource=resultlist,Molukkenstraat 8 2612 EC Delft,465000,1937,128,6,2612 EC Delft,2612,F,118,3,118
1547461520-1715,https://www.funda.nl/koop/delft/huis-40999437-laan-van-lekkerkerk-52/?navigateSource=resultlist,Laan van Lekkerkerk 52 2614 MN Delft,340000,2015,120,5,2614 MN Delft,2614,A,111,3,111
1547461704-1794,https://www.funda.nl/koop/delft/huis-40909336-machteld-van-meterenlaan-26/?navigateSource=resultlist,Machteld van Meterenlaan 26 2628 LR Delft,599500,2004,171,7,2628 LR Delft,2628,A,144,3,144
1547461726-1804,https://www.funda.nl/koop/delft/huis-40079862-hof-van-smaragd-9/?navigateSource=resultlist,Hof van Smaragd 9 2614 TN Delft,350000,1994,129,6,2614 TN Delft,2614,B,109,3,109
1547461713-1798,https://www.funda.nl/koop/delft/huis-40057753-koepoortstraat-48/?navigateSource=resultlist,Koepoortstraat 48 2612 HT Delft,225000,1906,73,4,2612 HT Delft,2612,F,85,2,85
1547461550-1728,https://www.funda.nl/koop/delft/huis-86385220-troelstralaan-234/?navigateSource=resultlist,Troelstralaan 234 2624 GB Delft,250000,1991,105,4,2624 GB Delft,2624,C,0,3,1
1547461650-1771,https://www.funda.nl/koop/delft/huis-86252745-oostsingel-116/?navigateSource=resultlist,Oostsingel 116 2612 HG Delft,860000,1890,215,7,2612 HG Delft,2612,E,158,4,131
1547461535-1721,https://www.funda.nl/koop/delft/huis-86206634-laan-van-overvest-44/?navigateSource=resultlist,Laan van Overvest 44 2613 DM Delft,550000,1903,155,5,2613 DM Delft,2613,E,115,1,115
1547461488-1701,https://www.funda.nl/koop/delft/huis-40438268-van-der-mastenstraat-41/?navigateSource=resultlist,Van der Mastenstraat 41 2611 NX Delft,259000,1906,78,3,2611 NX Delft,2611,F,46,2,46
1547461579-1740,https://www.funda.nl/koop/delft/huis-40917170-javastraat-47/?navigateSource=resultlist,Javastraat 47 2612 AP Delft,249000,1919,71,3,2612 AP Delft,2612,G,88,2,88
1547461717-1800,https://www.funda.nl/koop/delft/huis-40068811-achterom-141/?navigateSource=resultlist,Achterom 141 2611 PN Delft,545000,1978,127,5,2611 PN Delft,2611,C,77,3,77
1547461722-1802,https://www.funda.nl/koop/delft/huis-40061272-graswinckelstraat-12/?navigateSource=resultlist,Graswinckelstraat 12 2613 PW Delft,350000,1880,103,4,2613 PW Delft,2613,C,80,3,80
1547461537-1722,https://www.funda.nl/koop/delft/huis-86232277-kalkoenstraat-2/?navigateSource=resultlist,Kalkoenstraat 2 2623 AN Delft,225000,1978,80,3,2623 AN Delft,2623,C,119,1,119
1547461752-1815,https://www.funda.nl/koop/delft/huis-40744623-elisabeth-van-zuilenlaan-20/?navigateSource=resultlist,Elisabeth van Zuilenlaan 20 2628 LL Delft,575000,2005,147,6,2628 LL Delft,2628,A,194,3,194
1547461739-1809,https://www.funda.nl/koop/delft/huis-40912027-bartoutszate-38/?navigateSource=resultlist,Bartoutszate 38 2614 MK Delft,610000,2010,181,6,2614 MK Delft,2614,A,270,3,270
1547461698-1792,https://www.funda.nl/koop/delft/huis-40836236-verwersdijk-98/?navigateSource=resultlist,Verwersdijk 98 2611 NK Delft,659500,1650,120,5,2611 NK Delft,2611,C,49,2,49
1547461496-1704,https://www.funda.nl/koop/delft/huis-40808207-willemstraat-16/?navigateSource=resultlist,Willemstraat 16 2613 DT Delft,275000,1910,87,4,2613 DT Delft,2613,F,67,2,67
1547461724-1803,https://www.funda.nl/koop/delft/huis-40054861-sint-eustatiusstraat-2/?navigateSource=resultlist,Sint Eustatiusstraat 2 2612 HA Delft,1245000,1958,174,5,2612 HA Delft,2612,F,991,2,991
1547461735-1808,https://www.funda.nl/koop/delft/huis-40717046-hopstraat-2/?navigateSource=resultlist,Hopstraat 2 2611 TC Delft,749500,1913,180,4,2611 TC Delft,2611,D,78,3,78
1547461750-1814,https://www.funda.nl/koop/delft/huis-40053342-laan-van-groenewegen-10/?navigateSource=resultlist,Laan van Groenewegen 10 2614 KG Delft,935000,2009,196,5,2614 KG Delft,2614,A,765,2,450
1547461581-1741,https://www.funda.nl/koop/delft/huis-40886451-eekhoornhof-16/?navigateSource=resultlist,Eekhoornhof 16 2623 EG Delft,315000,1979,112,4,2623 EG Delft,2623,C,131,3,131
1547461666-1778,https://www.funda.nl/koop/delft/huis-40928014-oosterstraat-11/?navigateSource=resultlist,Oosterstraat 11 2611 TT Delft,219000,1865,48,2,2611 TT Delft,2611,D,34,2,34
1547461628-1762,https://www.funda.nl/koop/delft/huis-40069913-israellaan-36/?navigateSource=resultlist,Israëllaan 36 2622 HP Delft,310000,1987,113,5,2622 HP Delft,2622,C,118,1,118
1547461501-1706,https://www.funda.nl/koop/delft/huis-40989387-lijsterbeslaan-74/?navigateSource=resultlist,Lijsterbeslaan 74 2612 VB Delft,325000,2015,97,4,2612 VB Delft,2612,A,125,1,125
1547461767-1822,https://www.funda.nl/koop/delft/huis-40974567-heilige-geestkerkhof-21/?navigateSource=resultlist,Heilige Geestkerkhof 21 2611 HP Delft,995000,1906,234,6,2611 HP Delft,2611,C,97,3,97
1547461743-1811,https://www.funda.nl/koop/delft/huis-40555050-buitenwatersloot-325/?navigateSource=resultlist,Buitenwatersloot 325 2614 GS Delft,735000,2010,155,6,2614 GS Delft,2614,B,262,2,262
1547461596-1748,https://www.funda.nl/koop/delft/huis-40873193-van-de-spiegelstraat-37/?navigateSource=resultlist,Van de Spiegelstraat 37 2613 EX Delft,315000,1923,85,5,2613 EX Delft,2613,D,104,3,104
1547461640-1766,https://www.funda.nl/koop/delft/huis-40677413-hof-van-delftlaan-2-a/?navigateSource=resultlist,Hof van Delftlaan 2 a 2613 BN Delft,509000,1944,131,7,2613 BN Delft,2613,E,131,1,131
1547461732-1807,https://www.funda.nl/koop/delft/huis-40625485-bakemastraat-97-bn-148/?navigateSource=resultlist,Bakemastraat 97 bn 148 2628 ZS Delft,565000,2019,191,7,2628 ZS Delft,2628,A,65,4,0
1547461707-1795,https://www.funda.nl/koop/delft/huis-40900405-spoorsingel-67/?navigateSource=resultlist,Spoorsingel 67 2613 BA Delft,995000,1895,253,7,2613 BA Delft,2613,G,219,3,219
1547461615-1756,https://www.funda.nl/koop/delft/huis-49211933-verwersdijk-180/?navigateSource=resultlist,Verwersdijk 180 2611 NN Delft,895000,1960,352,7,2611 NN Delft,2611,D,251,1,160
1547461522-1716,https://www.funda.nl/koop/delft/huis-40922742-helder-camarastraat-2/?navigateSource=resultlist,Hélder Câmarastraat 2 2622 BJ Delft,299000,1982,104,6,2622 BJ Delft,2622,C,136,3,136
1547461754-1816,https://www.funda.nl/koop/delft/huis-40804962-medinastraat-17/?navigateSource=resultlist,Medinastraat 17 2622 KG Delft,325000,1990,112,5,2622 KG Delft,2622,C,131,3,131
1547461692-1789,https://www.funda.nl/koop/delft/huis-40896716-teding-van-berkhoutlaan-11/?navigateSource=resultlist,Teding van Berkhoutlaan 11 2614 AV Delft,485000,1995,141,5,2614 AV Delft,2614,B,289,3,289
1547461661-1776,https://www.funda.nl/koop/delft/huis-40910790-hopstraat-15/?navigateSource=resultlist,Hopstraat 15 2611 TA Delft,175000,1906,42,2,2611 TA Delft,2611,F,28,2,28
1547461567-1735,https://www.funda.nl/koop/delft/huis-40893680-mahlerstraat-26/?navigateSource=resultlist,Mahlerstraat 26 2625 AS Delft,274500,1974,140,6,2625 AS Delft,2625,D,148,1,148
1547461516-1713,https://www.funda.nl/koop/delft/huis-40841471-brouwersstraat-10/?navigateSource=resultlist,Brouwersstraat 10 2613 PP Delft,199000,1887,50,3,2613 PP Delft,2613,C,57,2,57
1547461756-1817,https://www.funda.nl/koop/delft/huis-49319723-lagosweg-29-31/?navigateSource=resultlist,Lagosweg 29 31 2622 CZ Delft,485000,1997,231,8,2622 CZ Delft,2622,D,186,3,186
1547461624-1760,https://www.funda.nl/koop/delft/huis-40925382-arnoldstraat-2/?navigateSource=resultlist,Arnoldstraat 2 2613 DW Delft,259000,1906,85,4,2613 DW Delft,2613,F,50,3,50
1547461687-1787,https://www.funda.nl/koop/delft/huis-40528080-oude-delft-47/?navigateSource=resultlist,Oude Delft 47 2611 BC Delft,2495000,1653,565,10,2611 BC Delft,2611,C,301,5,301
1547461477-1696,https://www.funda.nl/koop/delft/huis-40866693-choorstraat-38-40/?navigateSource=resultlist,Choorstraat 38 40 2611 JH Delft,575000,1906,140,4,2611 JH Delft,2611,D,308,2,154
1547461490-1702,https://www.funda.nl/koop/delft/huis-40693250-ivoorkust-1/?navigateSource=resultlist,Ivoorkust 1 2622 GL Delft,495000,1993,200,6,2622 GL Delft,2622,B,665,2,665
1547461514-1712,https://www.funda.nl/koop/delft/huis-40832238-hof-van-zilverlicht-89/?navigateSource=resultlist,Hof van Zilverlicht 89 2614 TV Delft,285000,1994,108,4,2614 TV Delft,2614,C,93,3,93
1547461689-1788,https://www.funda.nl/koop/delft/huis-40689204-buitenwatersloot-50/?navigateSource=resultlist,Buitenwatersloot 50 2613 ST Delft,325000,1650,55,3,2613 ST Delft,2613,C,68,3,68
1547461711-1797,https://www.funda.nl/koop/delft/huis-40914198-molukkenstraat-5/?navigateSource=resultlist,Molukkenstraat 5 2612 EC Delft,449000,1937,121,5,2612 EC Delft,2612,D,118,3,118
1547461481-1698,https://www.funda.nl/koop/delft/huis-40988409-handboogstraat-7/?navigateSource=resultlist,Handboogstraat 7 2613 PZ Delft,279000,1906,85,4,2613 PZ Delft,2613,F,55,3,55
1547461683-1785,https://www.funda.nl/koop/delft/huis-40075595-reeweg-10/?navigateSource=resultlist,Reeweg 10 2623 CE Delft,250000,1977,85,3,2623 CE Delft,2623,C,163,2,163
1547461659-1775,https://www.funda.nl/koop/delft/huis-40902759-ternatestraat-34/?navigateSource=resultlist,Ternatestraat 34 2612 BG Delft,350000,1936,137,4,2612 BG Delft,2612,D,99,1,99
1547461492-1703,https://www.funda.nl/koop/delft/huis-40855339-hugo-de-grootstraat-1/?navigateSource=resultlist,Hugo de Grootstraat 1 2613 VM Delft,925000,1900,251,7,2613 VM Delft,2613,E,153,3,153
1547461626-1761,https://www.funda.nl/koop/delft/huis-40921808-antoon-coolenlaan-49/?navigateSource=resultlist,Antoon Coolenlaan 49 2624 NW Delft,385000,1969,190,7,2624 NW Delft,2624,C,166,1,166
1547461745-1812,https://www.funda.nl/koop/delft/huis-40613487-beestenmarkt-54/?navigateSource=resultlist,Beestenmarkt 54 2611 GC Delft,514000,1964,106,5,2611 GC Delft,2611,C,72,1,72
1547461763-1820,https://www.funda.nl/koop/delft/huis-40062183-dijkshoornseweg-209/?navigateSource=resultlist,Dijkshoornseweg 209 2614 KC Delft,1075000,1974,273,8,2614 KC Delft,2614,D,859,2,859
1547461760-1819,https://www.funda.nl/koop/delft/huis-40911245-laan-van-groenewegen-11/?navigateSource=resultlist,Laan van Groenewegen 11 2614 KG Delft,1450000,2011,234,6,2614 KG Delft,2614,A,669,2,669
1547461609-1753,https://www.funda.nl/koop/delft/huis-40589146-oostblok-48/?navigateSource=resultlist,Oostblok 48 2612 PD Delft,249000,1930,80,4,2612 PD Delft,2612,F,99,3,99
1547461676-1782,https://www.funda.nl/koop/delft/huis-40067003-visstraat-52-54/?navigateSource=resultlist,Visstraat 52 54 2611 JX Delft,595000,1905,140,6,2611 JX Delft,2611,D,123,3,71
1547461526-1718,https://www.funda.nl/koop/delft/huis-40589056-guldenwater-5-bouwnr-503/?navigateSource=resultlist,Guldenwater 5 (Bouwnr 503) 2613 JV Delft,725000,2018,199,6,2613 JV Delft,2613,A,0,4,0
1547461554-1730,https://www.funda.nl/koop/delft/huis-40065592-gasthuislaan-214/?navigateSource=resultlist,Gasthuislaan 214 2611 RC Delft,325000,1980,103,5,2611 RC Delft,2611,C,0,3,0
1547461613-1755,https://www.funda.nl/koop/delft/huis-40886715-achterom-54-54a/?navigateSource=resultlist,Achterom 54 54a 2611 PR Delft,695000,1906,164,6,2611 PR Delft,2611,D,220,3,163
1547461576-1739,https://www.funda.nl/koop/delft/huis-40998634-oosteinde-160/?navigateSource=resultlist,Oosteinde 160 2611 SR Delft,785000,1861,170,6,2611 SR Delft,2611,F,214,3,102
1547461524-1717,https://www.funda.nl/koop/delft/huis-40493038-bouwnummer-bouwnr-9/?navigateSource=resultlist,Bouwnummer (Bouwnr 9) 2613 XP Delft,815000,2018,221,7,2613 XP Delft,2613,A,107,1,0
1547461589-1745,https://www.funda.nl/koop/delft/huis-40929308-henry-dunantlaan-87/?navigateSource=resultlist,Henry Dunantlaan 87 2614 GL Delft,529000,1964,162,6,2614 GL Delft,2614,C,261,2,261
1547461572-1737,https://www.funda.nl/koop/delft/huis-40911421-kantoorgracht-3/?navigateSource=resultlist,Kantoorgracht 3 2611 PE Delft,389000,1983,102,5,2611 PE Delft,2611,E,44,3,44
1547461674-1781,https://www.funda.nl/koop/delft/huis-40052052-delfgauwseweg-13/?navigateSource=resultlist,Delfgauwseweg 13 2628 EG Delft,339500,1910,112,4,2628 EG Delft,2628,B,85,1,85
1547461709-1796,https://www.funda.nl/koop/delft/huis-40911436-oostsingel-89/?navigateSource=resultlist,Oostsingel 89 2612 HE Delft,595000,1930,149,6,2612 HE Delft,2612,D,96,3,96
1547461700-1793,https://www.funda.nl/koop/delft/huis-40987601-guineelaan-30/?navigateSource=resultlist,Guineelaan 30 2622 DJ Delft,300000,1989,117,6,2622 DJ Delft,2622,C,118,3,118
1547461694-1790,https://www.funda.nl/koop/delft/huis-40803655-prof-krausstraat-116/?navigateSource=resultlist,Prof Krausstraat 116 2628 JT Delft,267500,1952,70,4,2628 JT Delft,2628,E,104,2,104
1547461611-1754,https://www.funda.nl/koop/delft/huis-40667806-rietveld-92/?navigateSource=resultlist,Rietveld 92 2611 LN Delft,449000,1906,103,5,2611 LN Delft,2611,F,78,3,78
1547461646-1769,https://www.funda.nl/koop/delft/huis-40620131-oude-delft-60/?navigateSource=resultlist,Oude Delft 60 2611 CD Delft,1150000,1600,251,6,2611 CD Delft,2611,G,115,3,115
1547461485-1700,https://www.funda.nl/koop/delft/huis-40906131-van-der-kamlaan-87/?navigateSource=resultlist,Van der Kamlaan 87 2625 KP Delft,298000,1969,109,5,2625 KP Delft,2625,C,124,3,124
1547461453-1686,https://www.funda.nl/koop/delft/huis-40713905-oude-delft-110-bn-503/?navigateSource=resultlist,Oude Delft 110 bn 503 2611 CE Delft,725000,2020,199,7,2611 CE Delft,2611,A,0,4,0
1547461462-1689,https://www.funda.nl/koop/delft/huis-40692331-zuiderstraat-296/?navigateSource=resultlist,Zuiderstraat 296 2611 SM Delft,335000,1906,90,4,2611 SM Delft,2611,F,43,3,43
1547461479-1697,https://www.funda.nl/koop/delft/huis-40827347-arnoldstraat-16/?navigateSource=resultlist,Arnoldstraat 16 2613 DW Delft,250000,1903,82,4,2613 DW Delft,2613,C,50,3,50
1547461681-1784,https://www.funda.nl/koop/delft/huis-40061107-westerstraat-29/?navigateSource=resultlist,Westerstraat 29 2613 RD Delft,285000,1906,79,4,2613 RD Delft,2613,F,61,3,61
1547461655-1773,https://www.funda.nl/koop/delft/huis-40981767-laan-van-overvest-24/?navigateSource=resultlist,Laan van Overvest 24 2613 DM Delft,750000,1906,114,6,2613 DM Delft,2613,F,265,1,265
1547461531-1719,https://www.funda.nl/koop/delft/huis-86285520-antonia-veerstraat-14/?navigateSource=resultlist,Antonia Veerstraat 14 2614 HV Delft,285000,1988,106,4,2614 HV Delft,2614,C,113,1,113
1547461637-1765,https://www.funda.nl/koop/delft/huis-49310702-kolk-10/?navigateSource=resultlist,Kolk 10 2611 KD Delft,540000,1930,145,5,2611 KD Delft,2611,G,35,4,35
1547461542-1724,https://www.funda.nl/koop/delft/huis-40920290-van-der-kamlaan-65/?navigateSource=resultlist,Van der Kamlaan 65 2625 KN Delft,270000,1969,113,4,2625 KN Delft,2625,C,128,3,128
1547461503-1707,https://www.funda.nl/koop/delft/huis-40918656-raad-van-europalaan-9/?navigateSource=resultlist,Raad van Europalaan 9 2625 PA Delft,449000,1998,204,5,2625 PA Delft,2625,B,229,3,229
1547461618-1757,https://www.funda.nl/koop/delft/huis-40894955-rietveld-184/?navigateSource=resultlist,Rietveld 184 2611 LP Delft,645000,1978,176,5,2611 LP Delft,2611,C,77,4,77
1547461468-1692,https://www.funda.nl/koop/delft/huis-40994762-boliviastraat-19/?navigateSource=resultlist,Boliviastraat 19 2622 BK Delft,299000,1982,112,6,2622 BK Delft,2622,C,108,3,108
1547461663-1777,https://www.funda.nl/koop/delft/huis-40914963-delfgauwseweg-66/?navigateSource=resultlist,Delfgauwseweg 66 2628 EV Delft,498000,2010,162,5,2628 EV Delft,2628,A,187,3,187
1547461631-1763,https://www.funda.nl/koop/delft/huis-40061492-marterstraat-35/?navigateSource=resultlist,Marterstraat 35 2623 ED Delft,335000,1977,123,5,2623 ED Delft,2623,C,141,1,141
1547461546-1726,https://www.funda.nl/koop/delft/huis-40991618-de-vriesstraat-32/?navigateSource=resultlist,De Vriesstraat 32 2613 CB Delft,360000,1933,109,5,2613 CB Delft,2613,F,152,3,104
1547461473-1694,https://www.funda.nl/koop/delft/huis-40067188-sandinoweg-37/?navigateSource=resultlist,Sandinoweg 37 2622 DV Delft,300000,1993,113,5,2622 DV Delft,2622,B,120,3,120
1547461466-1691,https://www.funda.nl/koop/delft/huis-40927727-aagje-dekenlaan-22/?navigateSource=resultlist,Aagje Dekenlaan 22 2624 CC Delft,222500,1966,95,5,2624 CC Delft,2624,E,157,1,157
1547461730-1806,https://www.funda.nl/koop/delft/huis-40610489-bakemastraat-97-bn-143/?navigateSource=resultlist,Bakemastraat 97 bn 143 2628 ZS Delft,537500,2019,185,7,2628 ZS Delft,2628,A,62,4,0
1547461769-1823,https://www.funda.nl/koop/delft/huis-40061246-amazoneweg-24/?navigateSource=resultlist,Amazoneweg 24 2622 DS Delft,300000,1993,118,5,2622 DS Delft,2622,B,106,3,106
1547461679-1783,https://www.funda.nl/koop/delft/huis-40068160-antoon-coolenlaan-13/?navigateSource=resultlist,Antoon Coolenlaan 13 2624 NV Delft,400000,1969,173,7,2624 NV Delft,2624,D,183,4,183
1547461765-1821,https://www.funda.nl/koop/delft/huis-40558590-vaandelstraat-34/?navigateSource=resultlist,Vaandelstraat 34 2611 DB Delft,895000,2004,222,6,2611 DB Delft,2611,A,99,5,99
1547461557-1731,https://www.funda.nl/koop/delft/huis-40068134-eisenhowerlaan-10/?navigateSource=resultlist,Eisenhowerlaan 10 2625 GJ Delft,309000,1971,124,5,2625 GJ Delft,2625,E,181,1,181
1547461505-1708,https://www.funda.nl/koop/delft/huis-40918149-libanonstraat-5/?navigateSource=resultlist,Libanonstraat 5 2622 HS Delft,299000,1987,95,5,2622 HS Delft,2622,C,106,3,106
1547461593-1747,https://www.funda.nl/koop/delft/huis-40079428-patrimoniumstraat-27/?navigateSource=resultlist,Patrimoniumstraat 27 2613 TM Delft,259000,1923,74,3,2613 TM Delft,2613,G,80,2,80
1547461539-1723,https://www.funda.nl/koop/delft/huis-40898195-ruys-de-beerenbrouckstraat-4/?navigateSource=resultlist,Ruys de Beerenbrouckstraat 4 2613 AT Delft,537000,1937,179,8,2613 AT Delft,2613,F,172,1,172
1547461604-1751,https://www.funda.nl/koop/delft/huis-40862256-ruys-de-beerenbrouckstraat-5/?navigateSource=resultlist,Ruys de Beerenbrouckstraat 5 2613 AS Delft,585000,1937,164,5,2613 AS Delft,2613,D,156,1,156
1547461499-1705,https://www.funda.nl/koop/delft/huis-40814941-hovenierstraat-15/?navigateSource=resultlist,Hovenierstraat 15 2613 RM Delft,275000,1906,69,3,2613 RM Delft,2613,F,76,3,76
1547461544-1725,https://www.funda.nl/koop/delft/huis-40846336-delfgauwseweg-397/?navigateSource=resultlist,Delfgauwseweg 397 2628 ET Delft,489500,1910,147,5,2628 ET Delft,2628,G,613,2,613
1547461565-1734,https://www.funda.nl/koop/delft/huis-40896863-westplantsoen-82/?navigateSource=resultlist,Westplantsoen 82 2613 GN Delft,349000,1934,114,6,2613 GN Delft,2613,D,0,3,0
1547461483-1699,https://www.funda.nl/koop/delft/huis-40992004-kuifeendhof-16/?navigateSource=resultlist,Kuifeendhof 16 2623 NS Delft,227500,1980,95,4,2623 NS Delft,2623,C,119,1,119
1547461758-1818,https://www.funda.nl/koop/delft/huis-40893746-landschapstraat-13/?navigateSource=resultlist,Landschapstraat 13 2614 WZ Delft,639000,1996,185,5,2614 WZ Delft,2614,B,250,3,250
1547461600-1749,https://www.funda.nl/koop/delft/huis-40060273-hugo-van-rijkenlaan-3/?navigateSource=resultlist,Hugo van Rijkenlaan 3 2612 JP Delft,250000,1923,69,3,2612 JP Delft,2612,E,60,2,60
1547461587-1744,https://www.funda.nl/koop/delft/huis-40983217-togostraat-10/?navigateSource=resultlist,Togostraat 10 2622 EW Delft,267500,1984,96,5,2622 EW Delft,2622,C,95,3,95
1547461648-1770,https://www.funda.nl/koop/delft/huis-40878465-vlamingstraat-34-34a/?navigateSource=resultlist,Vlamingstraat 34 34a 2611 KX Delft,865000,1990,250,9,2611 KX Delft,2611,C,200,3,200
1547461458-1688,https://www.funda.nl/koop/delft/huis-40817807-nieuwe-langendijk-68-68a/?navigateSource=resultlist,Nieuwe Langendijk 68 68a 2611 VL Delft,410000,1906,92,5,2611 VL Delft,2611,D,25,1,0
1547461511-1711,https://www.funda.nl/koop/delft/huis-40820828-gasthuissteeg-7/?navigateSource=resultlist,Gasthuissteeg 7 2611 RH Delft,369000,1910,96,4,2611 RH Delft,2611,C,45,3,45
1547461574-1738,https://www.funda.nl/koop/delft/huis-86294719-algerijestraat-2/?navigateSource=resultlist,Algerijestraat 2 2622 CC Delft,289000,1983,97,5,2622 CC Delft,2622,C,115,1,115
1547461552-1729,https://www.funda.nl/koop/delft/huis-40052212-bakemastraat-97-bwn-134/?navigateSource=resultlist,Bakemastraat 97 bwn 134 2628 ZS Delft,545750,2019,188,7,2628 ZS Delft,2628,A,73,1,73
1547461559-1732,https://www.funda.nl/koop/delft/huis-86423961-ruys-de-beerenbrouckplein-5/?navigateSource=resultlist,Ruys de Beerenbrouckplein 5 2613 AR Delft,552500,1933,199,8,2613 AR Delft,2613,G,222,1,222
1547461507-1709,https://www.funda.nl/koop/delft/huis-40886297-indiastraat-12/?navigateSource=resultlist,Indiastraat 12 2622 GH Delft,285000,1984,107,5,2622 GH Delft,2622,C,94,3,94
1547461620-1758,https://www.funda.nl/koop/delft/huis-40995604-roodborstlaan-1-3/?navigateSource=resultlist,Roodborstlaan 1 3 2623 GR Delft,675000,1987,242,8,2623 GR Delft,2623,D,297,3,297
1547461635-1764,https://www.funda.nl/koop/delft/huis-40064519-prof-oudemansstraat-79/?navigateSource=resultlist,Prof Oudemansstraat 79 2628 KC Delft,275000,1952,82,3,2628 KC Delft,2628,E,141,1,141
1547461509-1710,https://www.funda.nl/koop/delft/huis-40895095-leehoeve-6/?navigateSource=resultlist,Leehoeve 6 2614 MH Delft,375000,2010,133,5,2614 MH Delft,2614,A,107,3,107
1547461518-1714,https://www.funda.nl/koop/delft/huis-40984723-decimastraat-12/?navigateSource=resultlist,Decimastraat 12 2622 JZ Delft,345000,1988,149,5,2622 JZ Delft,2622,B,123,3,123
1547461644-1768,https://www.funda.nl/koop/delft/huis-40600605-landsteinerbocht-19/?navigateSource=resultlist,Landsteinerbocht 19 2614 GN Delft,469000,1965,149,4,2614 GN Delft,2614,C,166,2,166
